<?xml version="1.0" encoding="UTF-8"?>
<metadata xml:lang="en"><Esri><CreaDate>20170518</CreaDate><CreaTime>12311600</CreaTime><ArcGISFormat>1.0</ArcGISFormat><SyncOnce>TRUE</SyncOnce><DataProperties><lineage><Process ToolSource="c:\program files (x86)\arcgis\desktop10.5\ArcToolbox\Toolboxes\Data Management Tools.tbx\CalculateField" Date="20170428" Time="113612">CalculateField "Partial Bids\Remaining Acreage\Red_Stone_Acreage_03.14.2017" Section "1" VB #</Process><Process ToolSource="c:\program files (x86)\arcgis\desktop10.5\ArcToolbox\Toolboxes\Data Management Tools.tbx\CalculateField" Date="20170428" Time="113636">CalculateField "Partial Bids\Remaining Acreage\Red_Stone_Acreage_03.14.2017" Section "2" VB #</Process><Process ToolSource="c:\program files (x86)\arcgis\desktop10.5\ArcToolbox\Toolboxes\Data Management Tools.tbx\CalculateField" Date="20170428" Time="113812">CalculateField "Partial Bids\Remaining Acreage\Red_Stone_Acreage_03.14.2017" Section "3" VB #</Process><Process ToolSource="c:\program files (x86)\arcgis\desktop10.5\ArcToolbox\Toolboxes\Data Management Tools.tbx\CalculateField" Date="20170428" Time="113846">CalculateField "Partial Bids\Remaining Acreage\Red_Stone_Acreage_03.14.2017" Section "2" VB #</Process><Process ToolSource="c:\program files (x86)\arcgis\desktop10.5\ArcToolbox\Toolboxes\Data Management Tools.tbx\CalculateField" Date="20170428" Time="114753">CalculateField "Partial Bids\Remaining Acreage\Red_Stone_Acreage_03.14.2017" Section "4" VB #</Process><Process ToolSource="c:\program files (x86)\arcgis\desktop10.5\ArcToolbox\Toolboxes\Data Management Tools.tbx\CalculateField" Date="20170428" Time="114808">CalculateField "Partial Bids\Remaining Acreage\Red_Stone_Acreage_03.14.2017" Section "5" VB #</Process><Process ToolSource="c:\program files (x86)\arcgis\desktop10.5\ArcToolbox\Toolboxes\Data Management Tools.tbx\CalculateField" Date="20170428" Time="114822">CalculateField "Partial Bids\Remaining Acreage\Red_Stone_Acreage_03.14.2017" Section "6" VB #</Process></lineage></DataProperties></Esri></metadata>
